{
  "type": "minecraft:archaeology",
  "pools": [
    {
      "rolls": 1,
      "entries": [
        {
          "type": "minecraft:item",
          "weight": 5,
          "name": "minecraft:bone"
        },
        {
          "type": "minecraft:item",
          "weight": 5,
          "name": "minecraft:coal"
        },
        {
          "type": "minecraft:item",
          "weight": 5,
          "name": "minecraft:gold_nugget"
        },
        {
          "type": "minecraft:item",
          "weight": 3,
          "name": "minecraft:raw_gold"
        },
        {
          "type": "minecraft:item",
          "weight": 1,
          "name": "minecraft:snout_armor_trim_smithing_template"
        },
        {
          "type": "minecraft:item",
          "weight": 1,
          "name": "minecraft:netherite_upgrade_smithing_template"
        },
        {
          "type": "minecraft:item",
          "weight": 5,
          "name": "minecraft:fire_charge"
        },
        {
          "type": "minecraft:item",
          "weight": 5,
          "name": "minecraft:glowstone_dust"
        },
        {
          "type": "minecraft:item",
          "weight": 3,
          "name": "minecraft:blaze_powder"
        },
        {
          "type": "minecraft:item",
          "weight": 5,
          "name": "minecraft:arrow"
        },
        {
          "type": "minecraft:item",
          "weight": 3,
          "name": "minecraft:spectral_arrow"
        },
        {
          "type": "minecraft:item",
          "weight": 1,
          "name": "minecraft:skeleton_skull"
        },
        {
          "type": "minecraft:item",
          "weight": 5,
          "name": "minecraft:chain"
        }
      ]
    }
  ],
  "random_sequence": "wabi_sabi_structures:archaeology/basalt_castle/basalt_castle_archaeology"
}
