{
  "type": "minecraft:simple_block",
  "config": {
    "to_place": {
      "type": "minecraft:weighted_state_provider",
      "entries": [
        {
          "weight": 1,
          "data": {
            "Name": "minecraft:stone_button",
            "Properties": {
              "face": "floor",
              "powered": "false",
              "facing": "west"
            }
          }
        },
        {
          "weight": 1,
          "data": {
            "Name": "minecraft:stone_button",
            "Properties": {
              "face": "floor",
              "powered": "false",
              "facing": "east"
            }
          }
        },
        {
          "weight": 1,
          "data": {
            "Name": "minecraft:stone_button",
            "Properties": {
              "face": "floor",
              "powered": "false",
              "facing": "north"
            }
          }
        },
        {
          "weight": 1,
          "data": {
            "Name": "minecraft:stone_button",
            "Properties": {
              "face": "floor",
              "powered": "false",
              "facing": "south"
            }
          }
        }
      ]
    }
  }
}