{
  "processors": [
    {
      "processor_type": "minecraft:capped",
      "limit": {
        "type": "minecraft:constant",
        "value": 3
      },
      "delegate": {
        "processor_type": "minecraft:rule",
        "rules": [
          {
            "location_predicate": {
              "predicate_type": "minecraft:always_true"
            },
            "input_predicate": {
              "predicate_type": "minecraft:random_block_match",
              "block": "minecraft:gold_ore",
              "probability": 0.35
            },
            "output_state": {
              "Name": "minecraft:diamond_ore"
            }
          },
          {
            "location_predicate": {
              "predicate_type": "minecraft:always_true"
            },
            "input_predicate": {
              "predicate_type": "minecraft:random_block_match",
              "block": "minecraft:gold_ore",
              "probability": 0.5
            },
            "output_state": {
              "Name": "minecraft:gold_ore"
            }
          }
        ]
      }
    },
    {
      "processor_type": "minecraft:capped",
      "limit": {
        "type": "minecraft:constant",
        "value": 1
      },
      "delegate": {
        "processor_type": "minecraft:rule",
        "rules": [
          {
            "location_predicate": {
              "predicate_type": "minecraft:always_true"
            },
            "input_predicate": {
              "predicate_type": "minecraft:random_block_match",
              "block": "minecraft:gold_ore",
              "probability": 0.12
            },
            "output_state": {
              "Name": "minecraft:iron_block"
            }
          },
          {
            "location_predicate": {
              "predicate_type": "minecraft:always_true"
            },
            "input_predicate": {
              "predicate_type": "minecraft:random_block_match",
              "block": "minecraft:gold_ore",
              "probability": 0.25
            },
            "output_state": {
              "Name": "minecraft:raw_iron_block"
            }
          },
          {
            "location_predicate": {
              "predicate_type": "minecraft:always_true"
            },
            "input_predicate": {
              "predicate_type": "minecraft:random_block_match",
              "block": "minecraft:gold_ore",
              "probability": 1.0
            },
            "output_state": {
              "Name": "minecraft:iron_ore"
            }
          }
        ]
      }
    },
    {
      "processor_type": "minecraft:rule",
      "rules": [
        {
          "location_predicate": {
            "predicate_type": "minecraft:always_true"
          },
          "input_predicate": {
            "predicate_type": "minecraft:random_block_match",
            "block": "minecraft:end_portal_frame",
            "probability": 0.25
          },
          "output_state": {
            "Name": "minecraft:spawner"
          },
          "block_entity_modifier": {
            "type": "minecraft:append_static",
            "data": {"SpawnData":{"entity":{"id":"minecraft:skeleton"}}}
          }
        },
        {
          "location_predicate": {
            "predicate_type": "minecraft:always_true"
          },
          "input_predicate": {
            "predicate_type": "minecraft:random_block_match",
            "block": "minecraft:end_portal_frame",
            "probability": 0.75
          },
          "output_state": {
            "Name": "minecraft:spawner"
          },
          "block_entity_modifier": {
            "type": "minecraft:append_static",
            "data": {"SpawnData":{"entity":{"id":"minecraft:zombie"}}}
          }
        },
        {
          "location_predicate": {
            "predicate_type": "minecraft:always_true"
          },
          "input_predicate": {
            "predicate_type": "minecraft:random_block_match",
            "block": "minecraft:end_portal_frame",
            "probability": 1
          },
          "output_state": {
            "Name": "minecraft:spawner"
          },
          "block_entity_modifier": {
            "type": "minecraft:append_static",
            "data": {"SpawnData":{"entity":{"id":"minecraft:silverfish"}}}
          }
        },
        {
          "location_predicate": {
            "predicate_type": "minecraft:always_true"
          },
          "input_predicate": {
            "predicate_type": "minecraft:random_block_match",
            "block": "minecraft:crimson_planks",
            "probability": 0.25
          },
          "output_state": {
            "Name": "minecraft:spawner"
          },
          "block_entity_modifier": {
            "type": "minecraft:append_static",
            "data": {"SpawnData":{"entity":{"id":"minecraft:skeleton"}}}
          }
        },
        {
          "location_predicate": {
            "predicate_type": "minecraft:always_true"
          },
          "input_predicate": {
            "predicate_type": "minecraft:random_block_match",
            "block": "minecraft:crimson_planks",
            "probability": 0.75
          },
          "output_state": {
            "Name": "minecraft:spawner"
          },
          "block_entity_modifier": {
            "type": "minecraft:append_static",
            "data": {"SpawnData":{"entity":{"id":"minecraft:zombie"}}}
          }
        },
        {
          "location_predicate": {
            "predicate_type": "minecraft:always_true"
          },
          "input_predicate": {
            "predicate_type": "minecraft:random_block_match",
            "block": "minecraft:crimson_planks",
            "probability": 1
          },
          "output_state": {
            "Name": "minecraft:spawner"
          },
          "block_entity_modifier": {
            "type": "minecraft:append_static",
            "data": {"SpawnData":{"entity":{"id":"minecraft:silverfish"}}}
          }
        },
        {
          "location_predicate": {
            "predicate_type": "minecraft:always_true"
          },
          "input_predicate": {
            "predicate_type": "minecraft:random_block_match",
            "block": "minecraft:honey_block",
            "probability": 0.25
          },
          "output_state": {
            "Name": "minecraft:spawner"
          },
          "block_entity_modifier": {
            "type": "minecraft:append_static",
            "data": {"SpawnData":{"entity":{"id":"minecraft:creeper"}}}
          }
        },
        {
          "location_predicate": {
            "predicate_type": "minecraft:always_true"
          },
          "input_predicate": {
            "predicate_type": "minecraft:random_block_match",
            "block": "minecraft:honey_block",
            "probability": 0.75
          },
          "output_state": {
            "Name": "minecraft:spawner"
          },
          "block_entity_modifier": {
            "type": "minecraft:append_static",
            "data": {"SpawnData":{"entity":{"id":"minecraft:witch"}}}
          }
        },
        {
          "location_predicate": {
            "predicate_type": "minecraft:always_true"
          },
          "input_predicate": {
            "predicate_type": "minecraft:random_block_match",
            "block": "minecraft:honey_block",
            "probability": 1
          },
          "output_state": {
            "Name": "minecraft:spawner"
          },
          "block_entity_modifier": {
            "type": "minecraft:append_static",
            "data": {"SpawnData":{"entity":{"id":"minecraft:stray"}}}
          }
        },
        {
          "location_predicate": {
            "predicate_type": "minecraft:always_true"
          },
          "input_predicate": {
            "predicate_type": "minecraft:random_block_match",
            "block": "minecraft:polished_andesite",
            "probability": 0.25
          },
          "output_state": {
            "Name": "minecraft:andesite"
          }
        },
        {
          "location_predicate": {
            "predicate_type": "minecraft:always_true"
          },
          "input_predicate": {
            "predicate_type": "minecraft:random_block_match",
            "block": "minecraft:andesite",
            "probability": 0.2
          },
          "output_state": {
            "Name": "minecraft:gravel"
          }
        },
        {
          "location_predicate": {
            "predicate_type": "minecraft:always_true"
          },
          "input_predicate": {
            "predicate_type": "minecraft:random_block_match",
            "block": "minecraft:gold_ore",
            "probability": 0.25
          },
          "output_state": {
            "Name": "minecraft:emerald_ore"
          }
        },
        {
          "location_predicate": {
            "predicate_type": "minecraft:always_true"
          },
          "input_predicate": {
            "predicate_type": "minecraft:random_block_match",
            "block": "minecraft:anvil",
            "probability": 0.25
          },
          "output_state": {
            "Name": "minecraft:air"
          }
        },
        {
          "location_predicate": {
            "predicate_type": "minecraft:always_true"
          },
          "input_predicate": {
            "predicate_type": "minecraft:random_block_match",
            "block": "minecraft:anvil",
            "probability": 0.75
          },
          "output_state": {
            "Name": "minecraft:damaged_anvil",
            "Properties": {
              "facing": "east"
            }
          }
        },
        {
          "location_predicate": {
            "predicate_type": "minecraft:always_true"
          },
          "input_predicate": {
            "predicate_type": "minecraft:random_block_match",
            "block": "minecraft:anvil",
            "probability": 0.5
          },
          "output_state": {
            "Name": "minecraft:chipped_anvil",
            "Properties": {
              "facing": "east"
            }
          }
        },
        {
          "location_predicate": {
            "predicate_type": "minecraft:always_true"
          },
          "input_predicate": {
            "predicate_type": "minecraft:random_block_match",
            "block": "minecraft:green_banner",
            "probability": 0.3
          },
          "output_state": {
            "Name": "minecraft:air"
          }
        }
      ]
    }
  ]
}
