{
  "processors": [
    {
      "processor_type": "minecraft:rule",
      "rules": [
        {
          "location_predicate": {
            "predicate_type": "minecraft:always_true"
          },
          "input_predicate": {
            "predicate_type": "minecraft:random_blockstate_match",
            "block_state": {
              "Name": "minecraft:nether_bricks"
            },
            "probability": 0.02
          },
          "output_state": {
            "Name": "minecraft:nether_brick_stairs",
            "Properties": {
              "facing": "north"
            }
          }
        },
        {
          "location_predicate": {
            "predicate_type": "minecraft:always_true"
          },
          "input_predicate": {
            "predicate_type": "minecraft:random_blockstate_match",
            "block_state": {
              "Name": "minecraft:nether_bricks"
            },
            "probability": 0.02
          },
          "output_state": {
            "Name": "minecraft:nether_brick_stairs",
            "Properties": {
              "facing": "south"
            }
          }
        },
        {
          "location_predicate": {
            "predicate_type": "minecraft:always_true"
          },
          "input_predicate": {
            "predicate_type": "minecraft:random_blockstate_match",
            "block_state": {
              "Name": "minecraft:nether_bricks"
            },
            "probability": 0.02
          },
          "output_state": {
            "Name": "minecraft:nether_brick_stairs",
            "Properties": {
              "facing": "east"
            }
          }
        },
        {
          "location_predicate": {
            "predicate_type": "minecraft:always_true"
          },
          "input_predicate": {
            "predicate_type": "minecraft:random_blockstate_match",
            "block_state": {
              "Name": "minecraft:nether_bricks"
            },
            "probability": 0.02
          },
          "output_state": {
            "Name": "minecraft:nether_brick_stairs",
            "Properties": {
              "facing": "west"
            }
          }
        },
        {
          "location_predicate": {
            "predicate_type": "minecraft:always_true"
          },
          "input_predicate": {
            "predicate_type": "minecraft:random_blockstate_match",
            "block_state": {
              "Name": "minecraft:nether_bricks"
            },
            "probability": 0.02
          },
          "output_state": {
            "Name": "minecraft:nether_brick_slab",
            "Properties": {
              "type": "top"
            }
          }
        },
        {
          "location_predicate": {
            "predicate_type": "minecraft:always_true"
          },
          "input_predicate": {
            "predicate_type": "minecraft:random_block_match",
            "block": "minecraft:bell",
            "probability": 0.5
          },
          "output_state": {
            "Name": "minecraft:air"
          }
        },
        {
          "location_predicate": {
            "predicate_type": "minecraft:always_true"
          },
          "input_predicate": {
            "predicate_type": "minecraft:random_block_match",
            "block": "minecraft:soul_lantern",
            "probability": 0.5
          },
          "output_state": {
            "Name": "minecraft:air"
          }
        }
      ]
    }
  ]
}
