{
    "name": "wabi_sabi_structures:persistent_rarely_cod",
    "fallback": "minecraft:empty",
    "elements": [
		{
			"weight": 3,
			"element": {
				"element_type": "minecraft:empty_pool_element"
			}
		},
        {
            "weight": 1,
            "element": {
                "element_type": "minecraft:single_pool_element",
                "location": "wabi_sabi_structures:generic_jigsaws/entities/aquatic/persistent_cod",
                "projection": "rigid",
                "processors": "minecraft:empty"
            }
        }
    ]
}