{
    "name": "wabi_sabi_structures:sometimes_turtle",
    "fallback": "minecraft:empty",
    "elements": [
        {
            "weight": 19,
            "element": {
                "element_type": "minecraft:single_pool_element",
                "location": "wabi_sabi_structures:generic_jigsaws/entities/aquatic/turtle",
                "projection": "rigid",
                "processors": "minecraft:empty"
            }
        },
        {
            "weight": 1,
            "element": {
                "element_type": "minecraft:single_pool_element",
                "location": "wabi_sabi_structures:generic_jigsaws/entities/aquatic/baby_turtle",
                "projection": "rigid",
                "processors": "minecraft:empty"
            }
        },
        {
            "weight": 20,
            "element": {
                "element_type": "minecraft:empty_pool_element"
            }
        }
    ]
}