{
  "processors": [
    {
      "processor_type": "minecraft:rule",
      "rules": [
        {
          "input_predicate": {
            "predicate_type": "minecraft:block_match",
            "block": "minecraft:sand"
          },
          "location_predicate": {
            "predicate_type": "minecraft:tag_match",
            "tag": "u_desert:ground/all"
          },
          "output_state": {
            "Name": "minecraft:barrier"
          }
        }
      ]  
    },
    {
      "processor_type": "minecraft:block_ignore",
      "blocks": [
        {
          "Name": "minecraft:barrier"
        }
      ]
    }
  ]
}