{
  "type": "minecraft:archaeology",
  "pools": [
    {
      "rolls": 1,
      "entries": [
        {
          "type": "minecraft:item",
          "weight": 3,
          "name": "minecraft:egg"
        },
        {
          "type": "minecraft:item",
          "weight": 2,
          "name": "minecraft:slime_ball"
        },
        {
          "type": "minecraft:item",
          "weight": 3,
          "name": "minecraft:ink_sac"
        },
        {
          "type": "minecraft:item",
          "weight": 2,
          "name": "minecraft:glow_ink_sac"
        },
        {
          "type": "minecraft:item",
          "weight": 2,
          "name": "minecraft:dead_brain_coral"
        },
        {
          "type": "minecraft:item",
          "weight": 2,
          "name": "minecraft:dead_brain_coral_fan"
        },
        {
          "type": "minecraft:item",
          "weight": 4,
          "name": "minecraft:pointed_dripstone"
        },
        {
          "type": "minecraft:item",
          "weight": 1,
          "name": "minecraft:phantom_membrane"
        },
        {
          "type": "minecraft:item",
          "weight": 1,
          "name": "minecraft:ender_pearl"
        },
        {
          "type": "minecraft:item",
          "weight": 1,
          "name": "minecraft:emerald"
        }
      ]
    }
  ],
  "random_sequence": "wabi_sabi_structures:archaeology/monster_egg/monster_egg_archaeology"
}
