{
  "feature": {
    "type": "minecraft:random_selector",
    "config": {
      "features": [
        {
          "chance": 0.03,
          "feature": {
            "feature": "u_desert:desert/ambient/bush/lively",
            "placement": []
          }
        },
        {
          "chance": 0.04,
          "feature": {
            "feature": "u_desert:desert/ambient/bush/dying",
            "placement": []
          }
        }
      ],  
      "default": {
        "feature": "u_desert:desert/ambient/pebble",
        "placement": []
      }
    }
  },
  "placement": [
    {
      "type": "minecraft:heightmap",
      "heightmap": "MOTION_BLOCKING_NO_LEAVES"
    },
    {
      "type": "minecraft:count",
      "count": 5
    },
    {
      "type": "minecraft:in_square"
    },
    {
      "type": "minecraft:biome"
    },
    {
      "type": "minecraft:block_predicate_filter",
      "predicate": {
        "type": "minecraft:matching_block_tag",
        "offset": [0, 1, 0],
        "tag": "minecraft:air"
      }
    },
    {
      "type": "minecraft:block_predicate_filter",
      "predicate": {
        "type": "minecraft:matching_block_tag",
        "offset": [0, 0, 0],
        "tag": "minecraft:air"
      }
    },
    {
      "type": "minecraft:block_predicate_filter",
      "predicate": {
        "type": "minecraft:matching_blocks",
        "offset": [0, -1, 0],
        "blocks": [
          "minecraft:sand",
          "minecraft:sandstone"
        ]
      }
    }
  ]
}