{
  "feature": {
    "type": "minecraft:random_selector",
    "config": {
      "features": [
        {
          "chance": 0.3,
          "feature": {
            "feature": "u_desert:desert/tree/dead",
            "placement": []
          }
        }
      ],
      "default": {
        "feature": "u_desert:desert/tree/lively",
        "placement": []
      }
    }
  },
  "placement": [
    {
      "type": "minecraft:heightmap",
      "heightmap": "MOTION_BLOCKING_NO_LEAVES"
    },
    {
      "type": "minecraft:in_square"
    },
    {
      "type": "minecraft:rarity_filter",
      "chance": 25
    },
    {
      "type": "minecraft:biome"
    },
     {
      "type": "minecraft:block_predicate_filter",
      "predicate": {
        "type": "minecraft:matching_blocks",
        "offset": [0, -1, 0],
        "blocks": [
          "minecraft:sand",
          "minecraft:sandstone"
        ]
      }
    }
  ]
}