{
    "name": "wabi_sabi_structures:generic_straight_leather_armor",
    "fallback": "minecraft:empty",
    "elements": [
        {
            "weight": 1,
            "element": {
                "element_type": "minecraft:single_pool_element",
                "location": "wabi_sabi_structures:generic_jigsaws/entities/armor_stands/empty_straight_armor_stand",
                "projection": "rigid",
                "processors": "minecraft:empty"
            }
		},
        {
            "weight": 1,
            "element": {
                "element_type": "minecraft:single_pool_element",
                "location": "wabi_sabi_structures:generic_jigsaws/entities/armor_stands/empty_right_armor_stand",
                "projection": "rigid",
                "processors": "minecraft:empty"
            }
		},
        {
            "weight": 1,
            "element": {
                "element_type": "minecraft:single_pool_element",
                "location": "wabi_sabi_structures:generic_jigsaws/entities/armor_stands/empty_left_armor_stand",
                "projection": "rigid",
                "processors": "minecraft:empty"
            }
		},
        {
            "weight": 1,
            "element": {
                "element_type": "minecraft:single_pool_element",
                "location": "wabi_sabi_structures:generic_jigsaws/entities/armor_stands/leather_armor/leather_armor_1",
                "projection": "rigid",
                "processors": "minecraft:empty"
            }
        },
        {
            "weight": 1,
            "element": {
                "element_type": "minecraft:single_pool_element",
                "location": "wabi_sabi_structures:generic_jigsaws/entities/armor_stands/leather_armor/leather_armor_2",
                "projection": "rigid",
                "processors": "minecraft:empty"
            }
        },
        {
            "weight": 1,
            "element": {
                "element_type": "minecraft:single_pool_element",
                "location": "wabi_sabi_structures:generic_jigsaws/entities/armor_stands/leather_armor/leather_armor_3",
                "projection": "rigid",
                "processors": "minecraft:empty"
            }
        },
        {
            "weight": 1,
            "element": {
                "element_type": "minecraft:single_pool_element",
                "location": "wabi_sabi_structures:generic_jigsaws/entities/armor_stands/leather_armor/leather_armor_4",
                "projection": "rigid",
                "processors": "minecraft:empty"
            }
        },
        {
            "weight": 1,
            "element": {
                "element_type": "minecraft:single_pool_element",
                "location": "wabi_sabi_structures:generic_jigsaws/entities/armor_stands/leather_armor/leather_armor_5",
                "projection": "rigid",
                "processors": "minecraft:empty"
            }
        },
        {
            "weight": 1,
            "element": {
                "element_type": "minecraft:single_pool_element",
                "location": "wabi_sabi_structures:generic_jigsaws/entities/armor_stands/leather_armor/leather_armor_6",
                "projection": "rigid",
                "processors": "minecraft:empty"
            }
        },
        {
            "weight": 1,
            "element": {
                "element_type": "minecraft:single_pool_element",
                "location": "wabi_sabi_structures:generic_jigsaws/entities/armor_stands/leather_armor/leather_armor_7",
                "projection": "rigid",
                "processors": "minecraft:empty"
            }
        },
        {
            "weight": 1,
            "element": {
                "element_type": "minecraft:single_pool_element",
                "location": "wabi_sabi_structures:generic_jigsaws/entities/armor_stands/leather_armor/leather_armor_8",
                "projection": "rigid",
                "processors": "minecraft:empty"
            }
        },
        {
            "weight": 1,
            "element": {
                "element_type": "minecraft:single_pool_element",
                "location": "wabi_sabi_structures:generic_jigsaws/entities/armor_stands/leather_armor/leather_armor_9",
                "projection": "rigid",
                "processors": "minecraft:empty"
            }
        },
        {
            "weight": 1,
            "element": {
                "element_type": "minecraft:single_pool_element",
                "location": "wabi_sabi_structures:generic_jigsaws/entities/armor_stands/leather_armor/leather_armor_10",
                "projection": "rigid",
                "processors": "minecraft:empty"
            }
        }
    ]
}