{
  "type": "minecraft:jigsaw",
  "biomes": "#u_desert:has_structure/desert/adventure/pillager_outpost",
  "start_pool": "u_desert:desert/adventure/pillager_outpost/abandoned",
  "step": "surface_structures",

  "terrain_adaptation": "beard_box",
  "use_expansion_hack": false,
  "liquid_settings": "ignore_waterlogging",
	"project_start_to_heightmap": "WORLD_SURFACE_WG",

  "max_distance_from_center": 80,
  "size": 1,
  "start_height": {
    "absolute": 0
  },
  
  "spawn_overrides": {}
}