{
  "type": "minecraft:jigsaw",
  "biomes": "#u_desert:has_structure/desert/archeology/fossil",
  "start_pool": "u_desert:desert/archeology/fossil/skull/tyrannosaurus",
  "step": "surface_structures",

  "terrain_adaptation": "none",
  "use_expansion_hack": false,
  "liquid_settings": "apply_waterlogging",
	"project_start_to_heightmap": "OCEAN_FLOOR_WG",

  "max_distance_from_center": 80,
  "size": 1,
  "start_height": {
    "type": "minecraft:uniform",
    "max_inclusive": {
      "absolute": -5
    },
    "min_inclusive": {
      "absolute": -6
    }
  },
  
  "spawn_overrides": {}
}