{
  "processors": [
    {
      "processor_type": "minecraft:capped",
      "limit": {
        "type": "minecraft:uniform",
        "max_inclusive": 8,
        "min_inclusive": 6
      },
      "delegate": {
        "processor_type": "minecraft:rule",
        "rules": [
          {
            "input_predicate": {
              "predicate_type": "minecraft:random_block_match",
              "block": "minecraft:grass_block",
              "probability": 0.25
            },
            "location_predicate": {
              "predicate_type": "minecraft:always_true"
            },
            "output_state": {
              "Name": "minecraft:rooted_dirt"
            }
          },
          {
            "input_predicate": {
              "predicate_type": "minecraft:block_match",
              "block": "minecraft:grass_block"
            },
            "location_predicate": {
              "predicate_type": "minecraft:always_true"
            },
            "output_state": {
              "Name": "minecraft:coarse_dirt"
            }
          }
        ]
      }
    },
    {
      "processor_type": "minecraft:rule",
      "rules": [
        {
          "input_predicate": {
            "predicate_type": "minecraft:random_block_match",
            "block": "minecraft:gravel",
            "probability": 0.33
          },
          "location_predicate": {
            "predicate_type": "minecraft:always_true"
          },
          "output_state": {
            "Name": "minecraft:sand"
          }
        },
        {
          "input_predicate": {
            "predicate_type": "minecraft:random_block_match",
            "block": "minecraft:gravel",
            "probability": 0.33
          },
          "location_predicate": {
            "predicate_type": "minecraft:always_true"
          },
          "output_state": {
            "Name": "minecraft:coarse_dirt"
          }
        },
        {
          "input_predicate": {
            "predicate_type": "minecraft:random_block_match",
            "block": "minecraft:gravel",
            "probability": 0.33
          },
          "location_predicate": {
            "predicate_type": "minecraft:always_true"
          },
          "output_state": {
            "Name": "minecraft:mossy_cobblestone"
          }
        }
      ]
    },
    {
      "processor_type": "minecraft:capped",
      "limit": {
        "type": "minecraft:uniform",
        "max_inclusive": 18,
        "min_inclusive": 12
      },
      "delegate": {
        "processor_type": "minecraft:rule",
        "rules": [
          {
            "input_predicate": {
              "predicate_type": "minecraft:random_block_match",
              "block": "minecraft:short_grass",
              "probability": 0.5
            },
            "location_predicate": {
              "predicate_type": "minecraft:always_true"
            },
            "output_state": {
              "Name": "minecraft:fern"
            }
          },
          {
            "input_predicate": {
              "predicate_type": "minecraft:block_match",
              "block": "minecraft:short_grass"
            },
            "location_predicate": {
              "predicate_type": "minecraft:always_true"
            },
            "output_state": {
              "Name": "minecraft:tall_grass",
              "Properties": {
                "half": "upper"
              }
            }
          }
        ]
      }
    },
    {
      "processor_type": "minecraft:capped",
      "limit": {
        "type": "minecraft:uniform",
        "max_inclusive": 15,
        "min_inclusive": 10
      },
      "delegate": {
        "processor_type": "minecraft:rule",
        "rules": [
          {
            "input_predicate": {
              "predicate_type": "minecraft:random_block_match",
              "block": "minecraft:poppy",
              "probability": 0.5
            },
            "location_predicate": {
              "predicate_type": "minecraft:always_true"
            },
            "output_state": {
              "Name": "minecraft:cornflower"
            }
          },
          {
            "input_predicate": {
              "predicate_type": "minecraft:random_block_match",
              "block": "minecraft:poppy",
              "probability": 0.5
            },
            "location_predicate": {
              "predicate_type": "minecraft:always_true"
            },
            "output_state": {
              "Name": "minecraft:dandelion"
            }
          },
          {
            "input_predicate": {
              "predicate_type": "minecraft:block_match",
              "block": "minecraft:poppy"
            },
            "location_predicate": {
              "predicate_type": "minecraft:always_true"
            },
            "output_state": {
              "Name": "minecraft:air"
            }
          }
        ]
      }
    },
    {
      "processor_type": "minecraft:capped",
      "limit": {
        "type": "minecraft:uniform",
        "max_inclusive": 10,
        "min_inclusive": 5
      },
      "delegate": {
        "processor_type": "minecraft:rule",
        "rules": [
          {
            "input_predicate": {
              "predicate_type": "minecraft:random_block_match",
              "block": "minecraft:wheat",
              "probability": 0.25
            },
            "location_predicate": {
              "predicate_type": "minecraft:always_true"
            },
            "output_state": {
              "Name": "minecraft:melon_stem",
              "Properties": {
                "age": "7"
              }
            }
          },
          {
            "input_predicate": {
              "predicate_type": "minecraft:random_block_match",
              "block": "minecraft:wheat",
              "probability": 0.25
            },
            "location_predicate": {
              "predicate_type": "minecraft:always_true"
            },
            "output_state": {
              "Name": "minecraft:pumpkin_stem",
              "Properties": {
                "age": "7"
              }
            }
          },
          {
            "input_predicate": {
              "predicate_type": "minecraft:block_match",
              "block": "minecraft:wheat"
            },
            "location_predicate": {
              "predicate_type": "minecraft:always_true"
            },
            "output_state": {
              "Name": "minecraft:beetroots",
              "Properties": {
                "age": "3"
              }
            }
          }
        ]
      }
    },
    {
      "processor_type": "minecraft:rule",
      "rules": [
        {
          "input_predicate": {
            "predicate_type": "minecraft:block_match",
            "block": "minecraft:sand"
          },
          "location_predicate": {
            "predicate_type": "minecraft:tag_match",
            "tag": "u_desert:ground/all"
          },
          "output_state": {
            "Name": "minecraft:barrier"
          }
        }
      ]  
    },
    {
      "processor_type": "minecraft:block_ignore",
      "blocks": [
        {
          "Name": "minecraft:barrier"
        }
      ]
    }
  ]
}