{
    "type": "minecraft:jigsaw",
    "biomes": "#wabi_sabi_structures:has_structure/concrete_mill_ruins_desert",
    "adapt_noise": true,
	"spawn_overrides": {},
	"terrain_adaptation": "beard_thin",
    "start_pool": "wabi_sabi_structures:concrete_mill_ruins/desert/concrete_mill_ruins_desert",
    "size": 10,
    "step": "surface_structures",
    "start_height": {
      "absolute": 0
    },
    "project_start_to_heightmap": "MOTION_BLOCKING",
    "max_distance_from_center": 100,
    "use_expansion_hack": true
}
