{
    "type": "minecraft:jigsaw",
    "biomes": "#wabi_sabi_structures:has_structure/hide_tannery_oak",
    "adapt_noise": true,
	"spawn_overrides": {},
	"terrain_adaptation": "beard_thin",
    "start_pool": "wabi_sabi_structures:hide_tannery/oak/hide_tannery_oak",
    "size": 7,
    "step": "surface_structures",
    "start_height": {
      "absolute": 0
    },
    "project_start_to_heightmap": "MOTION_BLOCKING",
    "max_distance_from_center": 50,
    "use_expansion_hack": true
}
