{
    "type": "minecraft:jigsaw",
    "biomes": "#wabi_sabi_structures:has_structure/howlers_garrison",
    "adapt_noise": true,
	"spawn_overrides": {},
	"terrain_adaptation": "beard_thin",
    "start_pool": "wabi_sabi_structures:howlers_garrison/howlers_garrison",
    "size": 10,
    "step": "surface_structures",
    "start_height": {
      "absolute": 0
    },
    "project_start_to_heightmap": "MOTION_BLOCKING",
    "max_distance_from_center": 100,
    "use_expansion_hack": false
}
