{
    "type": "minecraft:jigsaw",
    "biomes": "#wabi_sabi_structures:has_structure/obsidian_egg",
    "adapt_noise": true,
	"spawn_overrides": {},
    "start_pool": "wabi_sabi_structures:obsidian_egg/obsidian_egg",
    "size": 15,
    "step": "surface_structures",
	"start_height": {
      "type": "minecraft:uniform",
      "min_inclusive": {
        "absolute": 7
      },
      "max_inclusive": {
        "absolute": 20
      }
    },
    "max_distance_from_center": 100,
    "use_expansion_hack": true
}
