{
    "type": "minecraft:jigsaw",
    "biomes": "#wabi_sabi_structures:has_structure/shrine_of_preservation",
    "adapt_noise": true,
    "start_pool": "wabi_sabi_structures:shrine_of_preservation/shrine_of_preservation",
	"spawn_overrides": {
      "monster": {
        "bounding_box": "full",
        "spawns": []
      }
    },
    "size": 7,
    "step": "underground_decoration",
    "liquid_settings": "ignore_waterlogging",
	"start_height": {
      "type": "minecraft:uniform",
      "min_inclusive": {
        "absolute": -20
      },
      "max_inclusive": {
        "absolute": 20
      }
    },
    "max_distance_from_center": 50,
    "use_expansion_hack": false
}
