{
    "name": "wabi_sabi_structures:badlands_dwelling",
    "fallback": "minecraft:empty",
    "elements": [
        {
            "weight": 1,
            "element": {
                "element_type": "minecraft:single_pool_element",
                "location": "wabi_sabi_structures:badlands_dwelling/badlands_dwelling",
                "projection": "rigid",
                "processors": "wabi_sabi_structures:badlands_dwelling"
            }
        },
        {
            "weight": 1,
            "element": {
                "element_type": "minecraft:single_pool_element",
                "location": "wabi_sabi_structures:badlands_dwelling/small_badlands_dwelling",
                "projection": "rigid",
                "processors": "wabi_sabi_structures:badlands_dwelling"
            }
        }
    ]
}