{
    "name": "wabi_sabi_structures:bamboo_firework_site",
    "fallback": "minecraft:empty",
    "elements": [
        {
            "weight": 1,
            "element": {
                "element_type": "minecraft:single_pool_element",
                "location": "wabi_sabi_structures:bamboo_firework_site/bamboo_firework_site_hut",
                "projection": "rigid",
                "processors": "wabi_sabi_structures:bamboo_firework_site"
            }
        },
        {
            "weight": 1,
            "element": {
                "element_type": "minecraft:single_pool_element",
                "location": "wabi_sabi_structures:bamboo_firework_site/bamboo_firework_site_carts",
                "projection": "rigid",
                "processors": "wabi_sabi_structures:bamboo_firework_site"
            }
        },
        {
            "weight": 1,
            "element": {
                "element_type": "minecraft:single_pool_element",
                "location": "wabi_sabi_structures:bamboo_firework_site/bamboo_firework_site_range",
                "projection": "rigid",
                "processors": "wabi_sabi_structures:bamboo_firework_site"
            }
        }
    ]
}