{
    "name": "wabi_sabi_structures:ender_claw",
    "fallback": "minecraft:empty",
    "elements": [
        {
            "weight": 1,
            "element": {
                "element_type": "minecraft:single_pool_element",
                "location": "wabi_sabi_structures:ender_claw/ender_claw_crescent",
                "projection": "rigid",
                "processors": "wabi_sabi_structures:ender_claw"
            }
        },
		{
            "weight": 1,
            "element": {
                "element_type": "minecraft:single_pool_element",
                "location": "wabi_sabi_structures:ender_claw/ender_claw_triple",
                "projection": "rigid",
                "processors": "wabi_sabi_structures:ender_claw"
            }
        },
		{
            "weight": 1,
            "element": {
                "element_type": "minecraft:single_pool_element",
                "location": "wabi_sabi_structures:ender_claw/ender_claw_rings",
                "projection": "rigid",
                "processors": "wabi_sabi_structures:ender_claw"
            }
        },
		{
            "weight": 1,
            "element": {
                "element_type": "minecraft:single_pool_element",
                "location": "wabi_sabi_structures:ender_claw/ender_claw_chromosome",
                "projection": "rigid",
                "processors": "wabi_sabi_structures:ender_claw"
            }
        }
    ]
}