{
  "type": "minecraft:block_column",
  "config": {
    "direction": "up",
    "prioritize_tip": false,
    "allowed_placement": {
      "type": "minecraft:matching_block_tag",
      "tag": "minecraft:air"
    },
    "layers": [
      {
        "height": 1,
        "provider": {
          "type": "minecraft:simple_state_provider",
          "state": {
            "Name": "minecraft:mangrove_leaves",
            "Properties": {
              "persistent": "true",
              "waterlogged": "false"
            }
          }
        }
      },
      {
        "height": 1,
        "provider": {
          "type": "minecraft:weighted_state_provider",
          "entries": [
            {
              "weight": 1,
              "data": {
                "Name": "minecraft:short_grass"
              }
            },
            {
              "weight": 1,
              "data": {
                "Name": "minecraft:tall_grass",
                "Properties": {
                  "half": "upper"
                }
              }
            }
          ]
        }
      }
    ]
  }
}