{
  "type": "minecraft:block_column",
  "config": {
    "direction": "up",
    "prioritize_tip": false,
    "allowed_placement": {
      "type": "minecraft:matching_block_tag",
      "tag": "minecraft:air"
    },
    "layers": [
      {
        "height": 1,
        "provider": {
          "type": "minecraft:weighted_state_provider",
          "entries": [
            {
              "weight": 1,
              "data": {
                "Name": "minecraft:azalea_leaves",
                "Properties": {
                  "persistent": "true",
                  "waterlogged": "false"
                }
              }
            },
            {
              "weight": 1,
              "data": {
                "Name": "minecraft:flowering_azalea_leaves",
                "Properties": {
                  "persistent": "true",
                  "waterlogged": "false"
                }
              }
            }
          ]
        }
      },
      {
        "height": 1,
        "provider": {
          "type": "minecraft:weighted_state_provider",
          "entries": [
            {
              "weight": 1,
              "data": {
                "Name": "minecraft:lilac",
                "Properties": {
                  "half": "upper"
                }
              }
            },
            {
              "weight": 1,
              "data": {
                "Name": "minecraft:peony",
                "Properties": {
                  "half": "upper"
                }
              }
            },
            {
              "weight": 1,
              "data": {
                "Name": "minecraft:rose_bush",
                "Properties": {
                  "half": "upper"
                }
              }
            },
            {
              "weight": 1,
              "data": {
                "Name": "minecraft:air"
              }
            }
          ]
        }
      }
    ]
  }
}