{
    "name": "wabi_sabi_structures:concrete_mill_ruins_desert",
    "fallback": "minecraft:empty",
    "elements": [
        {
            "weight": 1,
            "element": {
                "element_type": "minecraft:single_pool_element",
                "location": "wabi_sabi_structures:concrete_mill_ruins/desert/concrete_mill_ruins_desert",
                "projection": "rigid",
                "processors": "wabi_sabi_structures:concrete_mill_ruins/desert/concrete_mill_ruins_desert"
            }
        }
    ]
}