{
    "name": "wabi_sabi_structures:roads_1",
    "fallback": "wabi_sabi_structures:concrete_mill_ruins/desert/terminators",
    "elements": [
		{
            "weight": 2,
            "element": {
                "element_type": "minecraft:single_pool_element",
                "location": "wabi_sabi_structures:concrete_mill_ruins/desert/roads/desert_road_1_1",
                "projection":  "terrain_matching",
                "processors": "wabi_sabi_structures:concrete_mill_ruins/desert/roads"
            }
        },
		{
            "weight": 2,
            "element": {
                "element_type": "minecraft:single_pool_element",
                "location": "wabi_sabi_structures:concrete_mill_ruins/desert/roads/desert_road_1_2",
                "projection":  "terrain_matching",
                "processors": "wabi_sabi_structures:concrete_mill_ruins/desert/roads"
            }
        },
        {
            "weight": 2,
            "element": {
                "element_type": "minecraft:single_pool_element",
                "location": "wabi_sabi_structures:concrete_mill_ruins/desert/roads/desert_road_1_3",
                "projection":  "terrain_matching",
                "processors": "wabi_sabi_structures:concrete_mill_ruins/desert/roads"
            }
        },
        {
            "weight": 1,
            "element": {
                "element_type": "minecraft:single_pool_element",
                "location": "wabi_sabi_structures:concrete_mill_ruins/desert/roads/desert_t_intersect_road_1",
                "projection":  "terrain_matching",
                "processors": "wabi_sabi_structures:concrete_mill_ruins/desert/roads"
            }
        },
		{
            "weight": 1,
            "element": {
                "element_type": "minecraft:single_pool_element",
                "location": "wabi_sabi_structures:concrete_mill_ruins/desert/roads/desert_t_intersect_road_2",
                "projection":  "terrain_matching",
                "processors": "wabi_sabi_structures:concrete_mill_ruins/desert/roads"
            }
        },
		{
            "weight": 1,
            "element": {
                "element_type": "minecraft:single_pool_element",
                "location": "wabi_sabi_structures:concrete_mill_ruins/desert/roads/desert_t_intersect_road_3",
                "projection":  "terrain_matching",
                "processors": "wabi_sabi_structures:concrete_mill_ruins/desert/roads"
            }
        }
    ]
}