{
  "type": "minecraft:archaeology",
  "pools": [
    {
      "rolls": 1,
      "entries": [
        {
          "type": "minecraft:item",
          "weight": 2,
          "name": "minecraft:mutton"
        },
        {
          "type": "minecraft:item",
          "weight": 2,
          "name": "minecraft:leather"
        },
        {
          "type": "minecraft:item",
          "weight": 2,
          "name": "minecraft:string"
        },
        {
          "type": "minecraft:item",
          "weight": 2,
          "name": "minecraft:wheat"
        },
        {
          "type": "minecraft:item",
          "weight": 2,
          "name": "minecraft:bowl"
        },
        {
          "type": "minecraft:item",
          "name": "minecraft:suspicious_stew",
          "functions": [
            {
              "function": "minecraft:set_stew_effect",
              "effects": [
                {
                  "type": "minecraft:weakness",
                  "duration": {
                    "type": "minecraft:uniform",
                    "min": 0,
                    "max": 45
                  }
                }
              ]
            }
          ]
        },
        {
          "type": "minecraft:item",
          "name": "minecraft:lead"
        },
        {
          "type": "minecraft:item",
          "weight": 2,
          "name": "minecraft:bone_meal"
        },
        {
          "type": "minecraft:item",
          "weight": 2,
          "name": "minecraft:spruce_slab"
        },
        {
          "type": "minecraft:item",
          "weight": 2,
          "name": "minecraft:spruce_fence"
        }
      ]
    }
  ],
  "random_sequence": "wabi_sabi_structures:archaeology/llama_sanctuary/llama_sanctuary_hills_archaeology"
}
