{
  "type": "minecraft:jigsaw",
  "biomes": "#u_desert:has_structure/badlands/ambient/skeleton",
  "start_pool": "u_desert:badlands/ambient/skeleton/spine",
  "step": "local_modifications",

  "terrain_adaptation": "none",
  "use_expansion_hack": false,
  "liquid_settings": "apply_waterlogging",
	"project_start_to_heightmap": "OCEAN_FLOOR_WG",

  "max_distance_from_center": 80,
  "size": 1,
  "start_height": {
    "type": "minecraft:uniform",
    "max_inclusive": {
      "absolute": 0
    },
    "min_inclusive": {
      "absolute": -1
    }
  },
  
  "spawn_overrides": {}
}