{
  "type": "minecraft:tree",
  "config": {
    "ignore_vines": true,
    "force_dirt": false,
    "minimum_size": {
      "type": "minecraft:two_layers_feature_size",
      "limit": 2,
      "lower_size": 1,
      "upper_size": 2
    },
    "dirt_provider": {
      "type": "minecraft:simple_state_provider",
      "state": {
        "Name": "minecraft:sand"
      }
    },
    "trunk_provider": {
      "type": "minecraft:simple_state_provider",
      "state": {
        "Name": "minecraft:jungle_wood"
      }
    },
    "trunk_placer": {
      "type": "minecraft:cherry_trunk_placer",
      "branch_count": {
        "type": "minecraft:uniform",
        "max_inclusive": 3,
        "min_inclusive": 1
      },
      "branch_horizontal_length": {
        "type": "minecraft:uniform",
        "max_inclusive": 3,
        "min_inclusive": 2
      },
      "branch_start_offset_from_top": {
        "max_inclusive": 0,
        "min_inclusive": -2
      },
      "branch_end_offset_from_top": {
        "type": "minecraft:uniform",
        "max_inclusive": 1,
        "min_inclusive": 0
      },
      "base_height": 5,
      "height_rand_a": 1,
      "height_rand_b": 0
    },
    "foliage_provider": {
      "type": "minecraft:simple_state_provider",
      "state": {
        "Name": "minecraft:jungle_leaves",
        "Properties": {
          "persistent": "true",
          "waterlogged": "false"
        }
      }
    },
    "foliage_placer": {
      "type": "minecraft:random_spread_foliage_placer",
      "radius": 3,
      "offset": 3,
      "foliage_height": 3,
      "leaf_placement_attempts": 60
    },
    "decorators": [
      {
        "type": "minecraft:leave_vine",
        "probability": 0.1
      },
      {
        "type": "minecraft:alter_ground",
        "provider": {
          "type": "minecraft:weighted_state_provider",
          "entries": [
            {
              "data": {
                "Name": "minecraft:sand"
              },
              "weight": 90
            },
            {
              "data": {
                "Name": "minecraft:coarse_dirt"
              },
              "weight": 5
            },
            {
              "data": {
                "Name": "minecraft:grass_block"
              },
              "weight": 3
            },
            {
              "data": {
                "Name": "minecraft:dirt_path"
              },
              "weight": 2
            }
          ]
        }
      }
    ]
  }
}
