{
  "sea_level": 0,
  "disable_mob_generation": false,
  "aquifers_enabled": false,
  "ore_veins_enabled": false,
  "legacy_random_source": false,
  "default_block": {
    "Name": "minecraft:smooth_quartz"
  },
  "default_fluid": {
    "Name": "minecraft:air"
  },
  "noise": {
    "min_y": 0,
    "height": 320,
    "size_horizontal": 2,
    "size_vertical": 1
  },
  "noise_router": {
    "barrier": 0,
    "fluid_level_floodedness": 0,
    "fluid_level_spread": 0,
    "lava": 0,
    "temperature": {
      "type": "minecraft:shifted_noise",
      "noise": "minecraft:temperature",
      "xz_scale": 0.25,
      "y_scale": 0,
      "shift_x": "minecraft:shift_x",
      "shift_y": 0,
      "shift_z": "minecraft:shift_z"
    },
    "vegetation": {
      "type": "minecraft:shifted_noise",
      "noise": "minecraft:vegetation",
      "xz_scale": 0.25,
      "y_scale": 0,
      "shift_x": "minecraft:shift_x",
      "shift_y": 0,
      "shift_z": "minecraft:shift_z"
    },
    "continents": "minecraft:overworld/continents",
    "erosion": "minecraft:overworld/erosion",
    "depth": "minecraft:overworld/depth",
    "ridges": "minecraft:overworld/ridges",
    "initial_density_without_jaggedness": 0,
    "final_density": {
      "type": "minecraft:squeeze",
      "argument": {
        "type": "minecraft:mul",
        "argument1": 0.63,
        "argument2": {
          "type": "minecraft:interpolated",
          "argument": {
            "type": "minecraft:blend_density",
            "argument": {
              "type": "minecraft:add",
              "argument1": {
                "type": "minecraft:mul",
                "argument1": {
                  "type": "minecraft:y_clamped_gradient",
                  "from_y": 16,
                  "to_y": 128,
                  "from_value": 0,
                  "to_value": 1
                },
                "argument2": {
                  "type": "minecraft:add",
                  "argument1": {
                    "type": "minecraft:add",
                    "argument1": {
                      "type": "minecraft:mul",
                      "argument1": {
                        "type": "minecraft:mul",
                        "argument1": {
                          "type": "minecraft:y_clamped_gradient",
                          "from_y": 256,
                          "to_y": 512,
                          "from_value": 1,
                          "to_value": 0
                        },
                        "argument2": {
                          "type": "minecraft:y_clamped_gradient",
                          "from_y": 230,
                          "to_y": 260,
                          "from_value": 1,
                          "to_value": 0.99
                        }
                      },
                      "argument2": {
                        "type": "minecraft:add",
                        "argument1": "minecraft:overworld/base_3d_noise",
                        "argument2": 63.4375
                      }
                    },
                    "argument2": -63.4375
                  },
                  "argument2": 0.234375
                }
              },
              "argument2": -0.234375
            }
          }
        }
      }
    },
    "vein_toggle": 0,
    "vein_ridged": 0,
    "vein_gap": 0
  },
  "spawn_target": [
    {
      "temperature": [
        -1,
        1
      ],
      "humidity": [
        -1,
        1
      ],
      "continentalness": [
        -0.11,
        1
      ],
      "erosion": [
        -1,
        1
      ],
      "weirdness": [
        -1,
        -0.16
      ],
      "depth": 0,
      "offset": 0
    },
    {
      "temperature": [
        -1,
        1
      ],
      "humidity": [
        -1,
        1
      ],
      "continentalness": [
        -0.11,
        1
      ],
      "erosion": [
        -1,
        1
      ],
      "weirdness": [
        0.16,
        1
      ],
      "depth": 0,
      "offset": 0
    }
  ],
  "surface_rule": {
    "type": "minecraft:sequence",
    "sequence": [
      {
        "type": "minecraft:condition",
        "if_true": {
          "type": "minecraft:stone_depth",
          "offset": 0,
          "surface_type": "floor",
          "add_surface_depth": false,
          "secondary_depth_range": 0
        },
        "then_run": {
          "type": "minecraft:block",
          "result_state": {
            "Name": "minecraft:grass_block",
            "Properties": {
              "snowy": "false"
            }
          }
        }
      },
      {
        "type": "minecraft:condition",
        "if_true": {
          "type": "minecraft:stone_depth",
          "offset": 0,
          "surface_type": "floor",
          "add_surface_depth": true,
          "secondary_depth_range": 0
        },
        "then_run": {
          "type": "minecraft:block",
          "result_state": {
            "Name": "minecraft:dirt"
          }
        }
      }
    ]
  }
}
